{
  "markers": {
    "Chin": {
      "x": 35.5,
      "y": 13,
      "z": 80
    },
    "Groin": {
      "x": 41,
      "y": 13,
      "z": 47.5
    },
    "LeftWrist": {
      "x": 1.5,
      "y": 13,
      "z": 55
    },
    "LeftElbow": {
      "x": 11,
      "y": 13,
      "z": 63.5
    },
    "LeftKnee": {
      "x": 21,
      "y": 14.5,
      "z": 28
    },
    "RightWrist": {
      "x": 75,
      "y": 13,
      "z": 55
    },
    "RightElbow": {
      "x": 65.5,
      "y": 13,
      "z": 63.5
    },
    "RightKnee": {
      "x": 55.5,
      "y": 14.5,
      "z": 28
    }
  },
  "bones": {
    "Hips": {
      "x": 41,
      "y": 13,
      "z": 47.5
    },
    "Spine": {
      "x": 39.625,
      "y": 13,
      "z": 54.625
    },
    "Spine1": {
      "x": 38.25,
      "y": 13,
      "z": 61.75
    },
    "Spine2": {
      "x": 36.875,
      "y": 13,
      "z": 68.875
    },
    "Neck": {
      "x": 35.5,
      "y": 13,
      "z": 76
    },
    "Head": {
      "x": 35.5,
      "y": 13,
      "z": 88
    },
    "LeftShoulder": {
      "x": 27.81875,
      "y": 13,
      "z": 70.875
    },
    "LeftArm": {
      "x": 22.773125,
      "y": 13,
      "z": 68.6625
    },
    "LeftForeArm": {
      "x": 11,
      "y": 13,
      "z": 63.5
    },
    "LeftHand": {
      "x": 1.5,
      "y": 13,
      "z": 55
    },
    "LeftHandThumb1": {
      "x": 0.7547586864749006,
      "y": 13,
      "z": 54.333205140530175
    },
    "LeftHandThumb2": {
      "x": 0.15856563565482107,
      "y": 13,
      "z": 53.79976925295431
    },
    "LeftHandThumb3": {
      "x": -0.3631032838127485,
      "y": 13,
      "z": 53.333012851325435
    },
    "LeftHandThumb4": {
      "x": -0.7357239405752982,
      "y": 13,
      "z": 52.99961542159052
    },
    "LeftHandIndex1": {
      "x": 0.3821380297123509,
      "y": 13,
      "z": 53.99980771079526
    },
    "LeftHandIndex2": {
      "x": -0.3631032838127485,
      "y": 13,
      "z": 53.333012851325435
    },
    "LeftHandIndex3": {
      "x": -0.959296334632828,
      "y": 13,
      "z": 52.79957696374957
    },
    "LeftHandIndex4": {
      "x": -1.4809652541003975,
      "y": 13,
      "z": 52.332820562120695
    },
    "RightShoulder": {
      "x": 46.89375,
      "y": 13,
      "z": 70.875
    },
    "RightArm": {
      "x": 52.475625,
      "y": 13,
      "z": 68.6625
    },
    "RightForeArm": {
      "x": 65.5,
      "y": 13,
      "z": 63.5
    },
    "RightHand": {
      "x": 75,
      "y": 13,
      "z": 55
    },
    "RightHandThumb1": {
      "x": 75.7452413135251,
      "y": 13,
      "z": 54.333205140530175
    },
    "RightHandThumb2": {
      "x": 76.34143436434518,
      "y": 13,
      "z": 53.79976925295431
    },
    "RightHandThumb3": {
      "x": 76.86310328381275,
      "y": 13,
      "z": 53.333012851325435
    },
    "RightHandThumb4": {
      "x": 77.2357239405753,
      "y": 13,
      "z": 52.99961542159052
    },
    "RightHandIndex1": {
      "x": 76.11786197028765,
      "y": 13,
      "z": 53.99980771079526
    },
    "RightHandIndex2": {
      "x": 76.86310328381275,
      "y": 13,
      "z": 53.333012851325435
    },
    "RightHandIndex3": {
      "x": 77.45929633463282,
      "y": 13,
      "z": 52.79957696374957
    },
    "RightHandIndex4": {
      "x": 77.9809652541004,
      "y": 13,
      "z": 52.332820562120695
    },
    "LeftUpLeg": {
      "x": 25,
      "y": 13,
      "z": 47.5
    },
    "LeftLeg": {
      "x": 21,
      "y": 14.5,
      "z": 28
    },
    "LeftFoot": {
      "x": 21,
      "y": 10.5,
      "z": 2
    },
    "LeftToeBase": {
      "x": 21,
      "y": 7.5,
      "z": 1
    },
    "LeftToe_End": {
      "x": 21,
      "y": 5.5,
      "z": 0
    },
    "RightUpLeg": {
      "x": 52.6,
      "y": 13,
      "z": 47.5
    },
    "RightLeg": {
      "x": 55.5,
      "y": 14.5,
      "z": 28
    },
    "RightFoot": {
      "x": 55.5,
      "y": 10.5,
      "z": 2
    },
    "RightToeBase": {
      "x": 55.5,
      "y": 7.5,
      "z": 1
    },
    "RightToe_End": {
      "x": 55.5,
      "y": 5.5,
      "z": 0
    }
  },
  "autoMirror": true
}