{
  "gx": 70,
  "gy": 27,
  "gz": 103,
  "voxel_size": 0.01870648384094238,
  "def_min": [
    -0.6330788135528564,
    -0.20949386060237885,
    -4.0762824937701225e-05
  ],
  "def_max": [
    0.6330788135528564,
    0.24221503734588623,
    1.870607614517212
  ],
  "raw_min": [
    -0.5755261778831482,
    -0.19097228348255157,
    -4.0762824937701225e-05
  ],
  "raw_max": [
    0.5755261778831482,
    0.17945922911167145,
    1.7647218704223633
  ],
  "raw_center": [
    0.0,
    -0.0057565271854400635,
    0.8823405504226685
  ],
  "model_h": 1.7647626399993896
}