{
 "src_bbox": [
  -0.7145742559432984,
  -0.20983591318130493,
  -0.004425534009933452,
  0.7122868585586548,
  0.12643071889877322,
  1.804143649339676
 ],
 "tgt_bbox": [
  -0.6709445285797119,
  -0.207809343457222,
  -0.011037289619445799,
  0.6687470340728761,
  0.11653703486919403,
  1.6882556924819947
 ],
 "scale": [
  0.9389081733579993,
  0.9645511846360556,
  0.9395786446798893
 ],
 "method": "inverse_mapping"
}