{
 "voxel_size": 0.0017627520561218262,
 "grid_origin": [
  -0.05004780367016792,
  -0.13300637900829315,
  1.5566349029541016
 ],
 "gx": 57,
 "gy": 25,
 "gz": 24,
 "scale_factor": 4,
 "parent_voxel_size": 0.007051008224487305
}