{
 "voxel_size": 0.007051008224487305,
 "grid_origin": [
  -0.6885720491409302,
  -0.23248787224292755,
  -0.03571581840515137
 ],
 "gx": 196,
 "gy": 69,
 "gz": 251,
 "bb_min": [
  -0.6885720491409302,
  -0.23248787224292755,
  -0.03571581840515137
 ],
 "bb_max": [
  0.6885721683502197,
  0.25149068236351013,
  1.7270362377166748
 ],
 "resolution": 250
}