{
 "voxel_size": 0.0017627520561218262,
 "grid_origin": [
  -0.030424345284700394,
  -0.1530061811208725,
  1.4980098009109497
 ],
 "gx": 35,
 "gy": 19,
 "gz": 21,
 "scale_factor": 4,
 "parent_voxel_size": 0.007051008224487305
}