{
  "grid_origin": [
    -0.5808172821998596,
    -0.1767653375864029,
    -0.014691181480884552
  ],
  "voxel_size": 0.007060252666473389,
  "gx": 166,
  "gy": 59,
  "gz": 256,
  "bb_min": [
    -0.5666967630386353,
    -0.16264483332633972,
    -0.0005706758238375187
  ],
  "bb_max": [
    0.5666965246200562,
    0.21242135763168335,
    1.7644925117492676
  ],
  "resolution": 250
}