{
  "gx": 88,
  "gy": 35,
  "gz": 102,
  "voxel_size": 0.02286780595779419,
  "def_min": [
    -0.7167489528656006,
    -0.2653749883174896,
    -1.956195046659559e-05
  ],
  "def_max": [
    1.2363066673278809,
    0.4887261688709259,
    2.2867610454559326
  ],
  "raw_min": [
    -0.5585486888885498,
    -0.1526738703250885,
    -1.956195046659559e-05
  ],
  "raw_max": [
    0.8775641918182373,
    0.44397109746932983,
    2.157320737838745
  ],
  "raw_center": [
    0.15950775146484375,
    0.14564861357212067,
    1.0786505937576294
  ],
  "model_h": 2.1573402881622314
}