{
  "grid_origin": [
    -0.7664189338684082,
    -0.21594907343387604,
    0.014508496038615704
  ],
  "voxel_size": 0.00716864013671875,
  "gx": 215,
  "gy": 65,
  "gz": 256,
  "bb_min": [
    -0.7520816326141357,
    -0.20161178708076477,
    0.02884577587246895
  ],
  "bb_max": [
    0.7520814538002014,
    0.22779065370559692,
    1.8210058212280273
  ],
  "resolution": 250
}