{
  "name": "190",
  "grid": [
    44,
    29,
    62
  ],
  "voxel_size": 0.14310288429260254,
  "voxel_count": 4571,
  "bb_min": [
    563.4550170898438,
    -20.367368698120117,
    0.008242805488407612
  ],
  "bb_max": [
    569.5694580078125,
    -16.373998641967773,
    8.594415664672852
  ],
  "resolution": 60
}