{
  "gx": 117,
  "gy": 49,
  "gz": 109,
  "voxel_size": 0.019085333347320557,
  "def_min": [
    -1.3928351402282715,
    -0.24597176909446716,
    0.002129015512764454
  ],
  "def_max": [
    0.7839481830596924,
    0.6463761925697327,
    2.041254997253418
  ],
  "raw_min": [
    -0.709766685962677,
    -0.2039039134979248,
    0.002129015512764454
  ],
  "raw_max": [
    0.7062762379646301,
    0.11980436742305756,
    1.8026320934295654
  ],
  "raw_center": [
    -0.0017452239990234375,
    -0.042049773037433624,
    0.9023805260658264
  ],
  "model_h": 1.800503134727478
}