{
  "gx": 84,
  "gy": 31,
  "gz": 103,
  "voxel_size": 0.01799876570701599,
  "def_min": [
    -0.7330242395401001,
    -0.25526708364486694,
    -0.009267746470868587
  ],
  "def_max": [
    0.7330243587493896,
    0.2568110227584839,
    1.8067296743392944
  ],
  "raw_min": [
    -0.6663856506347656,
    -0.2059313952922821,
    -0.009267746470868587
  ],
  "raw_max": [
    0.6663857698440552,
    0.11440538614988327,
    1.6887290477752686
  ],
  "raw_center": [
    5.960464477539063e-08,
    -0.04576300457119942,
    0.8397306799888611
  ],
  "model_h": 1.697996735572815
}