{
  "grid_origin": [
    -0.6836541891098022,
    -0.39632895588874817,
    -0.015420370735228062
  ],
  "voxel_size": 0.007550036907196045,
  "gx": 241,
  "gy": 121,
  "gz": 256,
  "bb_min": [
    -0.6685541272163391,
    -0.14268766343593597,
    -0.0003202967345714569
  ],
  "bb_max": [
    0.6685537695884705,
    0.29155412316322327,
    1.8871889114379883
  ],
  "resolution": 250
}