{
  "grid_origin": [
    -0.719605028629303,
    -0.2302473783493042,
    -0.016731994226574898
  ],
  "voxel_size": 0.007108040809631348,
  "gx": 204,
  "gy": 72,
  "gz": 256,
  "bb_min": [
    -0.7053889632225037,
    -0.2160312980413437,
    -0.0025159134529531
  ],
  "bb_max": [
    0.7053889632225037,
    0.2562711834907532,
    1.7744942903518677
  ],
  "resolution": 250
}