{
  "grid_origin": [
    -0.5741572380065918,
    -0.1682824045419693,
    -0.015628095716238022
  ],
  "voxel_size": 0.007804266452789307,
  "gx": 190,
  "gy": 82,
  "gz": 256,
  "bb_min": [
    -0.4647141098976135,
    -0.1526738703250885,
    -1.956195046659559e-05
  ],
  "bb_max": [
    0.46414387226104736,
    0.18965914845466614,
    1.9510470628738403
  ],
  "resolution": 250
}