{
  "markers": {
    "Chin": {
      "x": 42.5,
      "y": 13,
      "z": 82
    },
    "Groin": {
      "x": 41,
      "y": 13,
      "z": 47.5
    },
    "LeftWrist": {
      "x": 7.5,
      "y": 13,
      "z": 64.5
    },
    "LeftElbow": {
      "x": 16,
      "y": 13,
      "z": 68.5
    },
    "LeftKnee": {
      "x": 32.5,
      "y": 15.5,
      "z": 27.5
    },
    "RightWrist": {
      "x": 76,
      "y": 13,
      "z": 64.5
    },
    "RightElbow": {
      "x": 67.5,
      "y": 13,
      "z": 68.5
    },
    "RightKnee": {
      "x": 51.5,
      "y": 15.5,
      "z": 27.5
    }
  },
  "bones": {
    "Hips": {
      "x": 41,
      "y": 13,
      "z": 47.5
    },
    "Spine": {
      "x": 41.375,
      "y": 13,
      "z": 55.125
    },
    "Spine1": {
      "x": 41.75,
      "y": 13,
      "z": 62.75
    },
    "Spine2": {
      "x": 42.125,
      "y": 13,
      "z": 70.375
    },
    "Neck": {
      "x": 42.5,
      "y": 13,
      "z": 78
    },
    "Head": {
      "x": 42.5,
      "y": 13,
      "z": 90
    },
    "LeftShoulder": {
      "x": 32.98125,
      "y": 13,
      "z": 72.375
    },
    "LeftArm": {
      "x": 27.886875000000003,
      "y": 13,
      "z": 71.2125
    },
    "LeftForeArm": {
      "x": 16,
      "y": 13,
      "z": 68.5
    },
    "LeftHand": {
      "x": 7.5,
      "y": 13,
      "z": 64.5
    },
    "LeftHandThumb1": {
      "x": 6.595181297799006,
      "y": 13,
      "z": 64.07420296367012
    },
    "LeftHandThumb2": {
      "x": 5.87132633603821,
      "y": 13,
      "z": 63.73356533460621
    },
    "LeftHandThumb3": {
      "x": 5.237953244497515,
      "y": 13,
      "z": 63.435507409175294
    },
    "LeftHandThumb4": {
      "x": 4.785543893397017,
      "y": 13,
      "z": 63.22260889101035
    },
    "LeftHandIndex1": {
      "x": 6.142771946698509,
      "y": 13,
      "z": 63.86130444550518
    },
    "LeftHandIndex2": {
      "x": 5.237953244497515,
      "y": 13,
      "z": 63.4355074091753
    },
    "LeftHandIndex3": {
      "x": 4.514098282736719,
      "y": 13,
      "z": 63.094869780111395
    },
    "LeftHandIndex4": {
      "x": 3.8807251911960234,
      "y": 13,
      "z": 62.79681185468048
    },
    "RightShoulder": {
      "x": 51.00625,
      "y": 13,
      "z": 72.375
    },
    "RightArm": {
      "x": 55.954375,
      "y": 13,
      "z": 71.2125
    },
    "RightForeArm": {
      "x": 67.5,
      "y": 13,
      "z": 68.5
    },
    "RightHand": {
      "x": 76,
      "y": 13,
      "z": 64.5
    },
    "RightHandThumb1": {
      "x": 76.904818702201,
      "y": 13,
      "z": 64.07420296367012
    },
    "RightHandThumb2": {
      "x": 77.62867366396179,
      "y": 13,
      "z": 63.73356533460621
    },
    "RightHandThumb3": {
      "x": 78.26204675550248,
      "y": 13,
      "z": 63.435507409175294
    },
    "RightHandThumb4": {
      "x": 78.71445610660298,
      "y": 13,
      "z": 63.22260889101035
    },
    "RightHandIndex1": {
      "x": 77.3572280533015,
      "y": 13,
      "z": 63.86130444550518
    },
    "RightHandIndex2": {
      "x": 78.2620467555025,
      "y": 13,
      "z": 63.4355074091753
    },
    "RightHandIndex3": {
      "x": 78.98590171726329,
      "y": 13,
      "z": 63.094869780111395
    },
    "RightHandIndex4": {
      "x": 79.61927480880398,
      "y": 13,
      "z": 62.79681185468048
    },
    "LeftUpLeg": {
      "x": 34.2,
      "y": 13,
      "z": 47.5
    },
    "LeftLeg": {
      "x": 32.5,
      "y": 15.5,
      "z": 27.5
    },
    "LeftFoot": {
      "x": 32.5,
      "y": 11.5,
      "z": 2
    },
    "LeftToeBase": {
      "x": 32.5,
      "y": 8.5,
      "z": 1
    },
    "LeftToe_End": {
      "x": 32.5,
      "y": 6.5,
      "z": 0
    },
    "RightUpLeg": {
      "x": 49.4,
      "y": 13,
      "z": 47.5
    },
    "RightLeg": {
      "x": 51.5,
      "y": 15.5,
      "z": 27.5
    },
    "RightFoot": {
      "x": 51.5,
      "y": 11.5,
      "z": 2
    },
    "RightToeBase": {
      "x": 51.5,
      "y": 8.5,
      "z": 1
    },
    "RightToe_End": {
      "x": 51.5,
      "y": 6.5,
      "z": 0
    }
  },
  "autoMirror": true
}