{
  "grid_origin": [
    -0.6180563569068909,
    -0.16762088239192963,
    -0.009502544067800045
  ],
  "voxel_size": 0.007448586940765381,
  "gx": 167,
  "gy": 139,
  "gz": 256,
  "bb_min": [
    -0.6031591892242432,
    -0.15272371470928192,
    0.005394630134105682
  ],
  "bb_max": [
    0.6031593084335327,
    0.8404856324195862,
    1.8675413131713867
  ],
  "resolution": 250
}