{
  "grid_origin": [
    -0.6181298494338989,
    -0.17401786148548126,
    -0.018765514716506004
  ],
  "voxel_size": 0.007485344409942627,
  "gx": 167,
  "gy": 139,
  "gz": 256,
  "bb_min": [
    -0.6031591892242432,
    -0.1590471714735031,
    -0.003794826101511717
  ],
  "bb_max": [
    0.6031593084335327,
    0.8404856324195862,
    1.8675413131713867
  ],
  "resolution": 250
}