{
  "source": "body",
  "generated": "2026-03-12T12:10:30.468Z",
  "grid": {
    "gx": 189,
    "gy": 84,
    "gz": 256,
    "voxel_size": 0.0077331805229187015,
    "grid_origin": [
      -0.7252330183982849,
      -0.22714754939079285,
      -0.015536542050540447
    ]
  },
  "landmarks_voxel": {
    "head_top": [
      93,
      22,
      235
    ],
    "head_center": [
      93,
      22,
      220
    ],
    "neck": [
      94,
      23,
      206
    ],
    "shoulder_left": [
      73,
      25,
      150
    ],
    "shoulder_right": [
      113,
      25,
      150
    ],
    "elbow_left": [
      37,
      27,
      151
    ],
    "elbow_right": [
      149,
      27,
      151
    ],
    "wrist_left": [
      1,
      28,
      152
    ],
    "wrist_right": [
      185,
      28,
      152
    ],
    "torso_center": [
      93,
      27,
      130
    ],
    "hip_center": [
      93,
      26,
      112
    ],
    "hip_left": [
      78,
      26,
      112
    ],
    "hip_right": [
      108,
      26,
      112
    ],
    "knee_left": [
      78,
      26,
      60
    ],
    "knee_right": [
      108,
      26,
      60
    ],
    "ankle_left": [
      78,
      26,
      8
    ],
    "ankle_right": [
      108,
      26,
      8
    ],
    "foot_bottom": [
      93,
      26,
      1
    ]
  },
  "landmarks_world": {
    "head_top": [
      -0.002181,
      -0.053151,
      1.805627
    ],
    "head_center": [
      -0.002181,
      -0.053151,
      1.68963
    ],
    "neck": [
      0.005553,
      -0.045418,
      1.581365
    ],
    "shoulder_left": [
      -0.156844,
      -0.029951,
      1.148307
    ],
    "shoulder_right": [
      0.152483,
      -0.029951,
      1.148307
    ],
    "elbow_left": [
      -0.435239,
      -0.014485,
      1.15604
    ],
    "elbow_right": [
      0.430877,
      -0.014485,
      1.15604
    ],
    "wrist_left": [
      -0.713633,
      -0.006752,
      1.163773
    ],
    "wrist_right": [
      0.709272,
      -0.006752,
      1.163773
    ],
    "torso_center": [
      -0.002181,
      -0.014485,
      0.993644
    ],
    "hip_center": [
      -0.002181,
      -0.022218,
      0.854446
    ],
    "hip_left": [
      -0.118178,
      -0.022218,
      0.854446
    ],
    "hip_right": [
      0.113817,
      -0.022218,
      0.854446
    ],
    "knee_left": [
      -0.118178,
      -0.022218,
      0.452321
    ],
    "knee_right": [
      0.113817,
      -0.022218,
      0.452321
    ],
    "ankle_left": [
      -0.118178,
      -0.022218,
      0.050195
    ],
    "ankle_right": [
      0.113817,
      -0.022218,
      0.050195
    ],
    "foot_bottom": [
      -0.002181,
      -0.022218,
      -0.003937
    ]
  },
  "measurements_voxel": {
    "height": 235,
    "shoulder_width": 41,
    "arm_span": 185,
    "arm_length_left": 72,
    "arm_length_right": 72,
    "torso_height": 38,
    "leg_length": 111,
    "head_height": 29,
    "hip_width": 30
  },
  "measurements_world": {
    "height": "181.7 cm",
    "shoulder_width": "31.7 cm",
    "arm_span": "143.1 cm",
    "arm_length": "55.7 cm",
    "torso_height": "29.4 cm",
    "leg_length": "85.8 cm",
    "head_height": "22.4 cm",
    "hip_width": "23.2 cm"
  },
  "bbox_voxel": {
    "min": [
      1,
      2,
      1
    ],
    "max": [
      185,
      45,
      235
    ]
  }
}