{
  "source": "body",
  "generated": "2026-03-12T12:10:28.803Z",
  "grid": {
    "gx": 204,
    "gy": 72,
    "gz": 256,
    "voxel_size": 0.007108040809631348,
    "grid_origin": [
      -0.719605028629303,
      -0.2302473783493042,
      -0.016731994226574898
    ]
  },
  "landmarks_voxel": {
    "head_top": [
      101,
      25,
      245
    ],
    "head_center": [
      101,
      25,
      229
    ],
    "neck": [
      101,
      25,
      214
    ],
    "shoulder_left": [
      80,
      26,
      160
    ],
    "shoulder_right": [
      121,
      26,
      160
    ],
    "elbow_left": [
      41,
      28,
      160
    ],
    "elbow_right": [
      161,
      28,
      160
    ],
    "wrist_left": [
      1,
      30,
      160
    ],
    "wrist_right": [
      201,
      30,
      160
    ],
    "torso_center": [
      101,
      30,
      139
    ],
    "hip_center": [
      101,
      29,
      119
    ],
    "hip_left": [
      85,
      29,
      119
    ],
    "hip_right": [
      116,
      29,
      119
    ],
    "knee_left": [
      85,
      29,
      64
    ],
    "knee_right": [
      116,
      29,
      64
    ],
    "ankle_left": [
      85,
      29,
      8
    ],
    "ankle_right": [
      116,
      29,
      8
    ],
    "foot_bottom": [
      101,
      28,
      1
    ]
  },
  "landmarks_world": {
    "head_top": [
      0.001861,
      -0.048992,
      1.728292
    ],
    "head_center": [
      0.001861,
      -0.048992,
      1.614563
    ],
    "neck": [
      0.001861,
      -0.048992,
      1.507943
    ],
    "shoulder_left": [
      -0.147408,
      -0.041884,
      1.124109
    ],
    "shoulder_right": [
      0.144022,
      -0.041884,
      1.124109
    ],
    "elbow_left": [
      -0.424621,
      -0.027668,
      1.124109
    ],
    "elbow_right": [
      0.428344,
      -0.027668,
      1.124109
    ],
    "wrist_left": [
      -0.708943,
      -0.013452,
      1.124109
    ],
    "wrist_right": [
      0.712665,
      -0.013452,
      1.124109
    ],
    "torso_center": [
      0.001861,
      -0.013452,
      0.97484
    ],
    "hip_center": [
      0.001861,
      -0.02056,
      0.832679
    ],
    "hip_left": [
      -0.111868,
      -0.02056,
      0.832679
    ],
    "hip_right": [
      0.108482,
      -0.02056,
      0.832679
    ],
    "knee_left": [
      -0.111868,
      -0.02056,
      0.441737
    ],
    "knee_right": [
      0.108482,
      -0.02056,
      0.441737
    ],
    "ankle_left": [
      -0.111868,
      -0.02056,
      0.043686
    ],
    "ankle_right": [
      0.108482,
      -0.02056,
      0.043686
    ],
    "foot_bottom": [
      0.001861,
      -0.027668,
      -0.00607
    ]
  },
  "measurements_voxel": {
    "height": 245,
    "shoulder_width": 42,
    "arm_span": 201,
    "arm_length_left": 79,
    "arm_length_right": 80,
    "torso_height": 41,
    "leg_length": 118,
    "head_height": 31,
    "hip_width": 31
  },
  "measurements_world": {
    "height": "174.1 cm",
    "shoulder_width": "29.9 cm",
    "arm_span": "142.9 cm",
    "arm_length": "56.5 cm",
    "torso_height": "29.1 cm",
    "leg_length": "83.9 cm",
    "head_height": "22.0 cm",
    "hip_width": "22.0 cm"
  },
  "bbox_voxel": {
    "min": [
      1,
      1,
      1
    ],
    "max": [
      201,
      49,
      245
    ]
  }
}