{
  "markers": {
    "Chin": {
      "x": 73.5,
      "y": 13,
      "z": 79.5
    },
    "Groin": {
      "x": 72.5,
      "y": 13,
      "z": 47.5
    },
    "LeftWrist": {
      "x": 34,
      "y": 13,
      "z": 72.5
    },
    "LeftElbow": {
      "x": 48.5,
      "y": 13,
      "z": 74.5
    },
    "LeftKnee": {
      "x": 67.5,
      "y": 15.5,
      "z": 25
    },
    "RightWrist": {
      "x": 112,
      "y": 13,
      "z": 72.5
    },
    "RightElbow": {
      "x": 97.5,
      "y": 13,
      "z": 74.5
    },
    "RightKnee": {
      "x": 78.5,
      "y": 15.5,
      "z": 25
    }
  },
  "bones": {
    "Hips": {
      "x": 72.5,
      "y": 13,
      "z": 47.5
    },
    "Spine": {
      "x": 72.75,
      "y": 13,
      "z": 54.5
    },
    "Spine1": {
      "x": 73,
      "y": 13,
      "z": 61.5
    },
    "Spine2": {
      "x": 73.25,
      "y": 13,
      "z": 68.5
    },
    "Neck": {
      "x": 73.5,
      "y": 13,
      "z": 75.5
    },
    "Head": {
      "x": 73.5,
      "y": 13,
      "z": 87.5
    },
    "LeftShoulder": {
      "x": 64.5875,
      "y": 13,
      "z": 70.5
    },
    "LeftArm": {
      "x": 59.761250000000004,
      "y": 13,
      "z": 71.7
    },
    "LeftForeArm": {
      "x": 48.5,
      "y": 13,
      "z": 74.5
    },
    "LeftHand": {
      "x": 34,
      "y": 13,
      "z": 72.5
    },
    "LeftHandThumb1": {
      "x": 33.00937887075653,
      "y": 13,
      "z": 72.36336260286296
    },
    "LeftHandThumb2": {
      "x": 32.21688196736175,
      "y": 13,
      "z": 72.25405268515334
    },
    "LeftHandThumb3": {
      "x": 31.523447176891317,
      "y": 13,
      "z": 72.15840650715742
    },
    "LeftHandThumb4": {
      "x": 31.02813661226958,
      "y": 13,
      "z": 72.0900878085889
    },
    "LeftHandIndex1": {
      "x": 32.51406830613479,
      "y": 13,
      "z": 72.29504390429446
    },
    "LeftHandIndex2": {
      "x": 31.523447176891313,
      "y": 13,
      "z": 72.15840650715742
    },
    "LeftHandIndex3": {
      "x": 30.730950273496532,
      "y": 13,
      "z": 72.0490965894478
    },
    "LeftHandIndex4": {
      "x": 30.037515483026098,
      "y": 13,
      "z": 71.95345041145188
    },
    "RightShoulder": {
      "x": 81.7375,
      "y": 13,
      "z": 70.5
    },
    "RightArm": {
      "x": 86.46625,
      "y": 13,
      "z": 71.7
    },
    "RightForeArm": {
      "x": 97.5,
      "y": 13,
      "z": 74.5
    },
    "RightHand": {
      "x": 112,
      "y": 13,
      "z": 72.5
    },
    "RightHandThumb1": {
      "x": 112.99062112924348,
      "y": 13,
      "z": 72.36336260286296
    },
    "RightHandThumb2": {
      "x": 113.78311803263826,
      "y": 13,
      "z": 72.25405268515334
    },
    "RightHandThumb3": {
      "x": 114.47655282310869,
      "y": 13,
      "z": 72.15840650715742
    },
    "RightHandThumb4": {
      "x": 114.97186338773042,
      "y": 13,
      "z": 72.0900878085889
    },
    "RightHandIndex1": {
      "x": 113.48593169386521,
      "y": 13,
      "z": 72.29504390429446
    },
    "RightHandIndex2": {
      "x": 114.47655282310869,
      "y": 13,
      "z": 72.15840650715742
    },
    "RightHandIndex3": {
      "x": 115.26904972650347,
      "y": 13,
      "z": 72.0490965894478
    },
    "RightHandIndex4": {
      "x": 115.9624845169739,
      "y": 13,
      "z": 71.95345041145188
    },
    "LeftUpLeg": {
      "x": 68.5,
      "y": 13,
      "z": 47.5
    },
    "LeftLeg": {
      "x": 67.5,
      "y": 15.5,
      "z": 25
    },
    "LeftFoot": {
      "x": 67.5,
      "y": 11.5,
      "z": 2
    },
    "LeftToeBase": {
      "x": 67.5,
      "y": 8.5,
      "z": 1
    },
    "LeftToe_End": {
      "x": 67.5,
      "y": 6.5,
      "z": 0
    },
    "RightUpLeg": {
      "x": 77.3,
      "y": 13,
      "z": 47.5
    },
    "RightLeg": {
      "x": 78.5,
      "y": 15.5,
      "z": 25
    },
    "RightFoot": {
      "x": 78.5,
      "y": 11.5,
      "z": 2
    },
    "RightToeBase": {
      "x": 78.5,
      "y": 8.5,
      "z": 1
    },
    "RightToe_End": {
      "x": 78.5,
      "y": 6.5,
      "z": 0
    }
  },
  "autoMirror": true
}