{
  "gx": 139,
  "gy": 53,
  "gz": 125,
  "voxel_size": 0.018279718160629274,
  "def_min": [
    -0.9175116419792175,
    -0.20276187360286713,
    0.015180728398263454
  ],
  "def_max": [
    1.5796189308166504,
    0.7254334092140198,
    2.2607908248901367
  ],
  "raw_min": [
    -0.4634840190410614,
    -0.15110346674919128,
    0.015180728398263454
  ],
  "raw_max": [
    0.46347567439079285,
    0.16313788294792175,
    1.7396824359893799
  ],
  "raw_center": [
    -4.172325134277344e-06,
    0.006017208099365234,
    0.8774315714836121
  ],
  "model_h": 1.7245017290115356
}