{
  "gx": 96,
  "gy": 22,
  "gz": 102,
  "voxel_size": 0.01820300817489624,
  "def_min": [
    -0.8496132493019104,
    -0.20242513716220856,
    0.03510596230626106
  ],
  "def_max": [
    0.8491194248199463,
    0.15592584013938904,
    1.8554067611694336
  ],
  "raw_min": [
    -0.7723981142044067,
    -0.18613645434379578,
    0.03510596230626106
  ],
  "raw_max": [
    0.7719042897224426,
    0.13963715732097626,
    1.752370834350586
  ],
  "raw_center": [
    -0.00024691224098205566,
    -0.02324964851140976,
    0.8937383890151978
  ],
  "model_h": 1.7172648906707764
}