{
  "gx": 58,
  "gy": 21,
  "gz": 102,
  "voxel_size": 0.018279718160629274,
  "def_min": [
    -0.5098320245742798,
    -0.16681553423404694,
    0.015180728398263454
  ],
  "def_max": [
    0.5098236799240112,
    0.1788499504327774,
    1.8431525230407715
  ],
  "raw_min": [
    -0.4634840190410614,
    -0.15110346674919128,
    0.015180728398263454
  ],
  "raw_max": [
    0.46347567439079285,
    0.16313788294792175,
    1.7396824359893799
  ],
  "raw_center": [
    -4.172325134277344e-06,
    0.006017208099365234,
    0.8774315714836121
  ],
  "model_h": 1.7245017290115356
}