{
  "grid_origin": [
    -0.6186468005180359,
    -0.1796136051416397,
    -0.010379406623542309
  ],
  "voxel_size": 0.007743802070617676,
  "gx": 161,
  "gy": 135,
  "gz": 256,
  "bb_min": [
    -0.6031591892242432,
    -0.16412599384784698,
    0.005108197219669819
  ],
  "bb_max": [
    0.6031593084335327,
    0.8404856324195862,
    1.9410587549209595
  ],
  "resolution": 250
}