{
 "voxel_size": 0.0022720718383789063,
 "grid_origin": [
  -0.05790964514017105,
  -0.14863835275173187,
  1.6699703931808472
 ],
 "gx": 51,
 "gy": 20,
 "gz": 21,
 "scale_factor": 4,
 "parent_voxel_size": 0.009088287353515625
}