{
 "voxel_size": 0.009088287353515625,
 "grid_origin": [
  -1.2462390661239624,
  -0.24164491891860962,
  -0.3088831603527069
 ],
 "gx": 219,
 "gy": 74,
 "gz": 251,
 "bb_min": [
  -1.2462390661239624,
  -0.24164491891860962,
  -0.3088831603527069
 ],
 "bb_max": [
  0.7424852252006531,
  0.42194628715515137,
  1.963188648223877
 ],
 "resolution": 250
}