{
  "grid_origin": [
    -1.2317416667938232,
    -0.22714754939079285,
    -0.015536542050540447
  ],
  "voxel_size": 0.0077331805229187015,
  "gx": 255,
  "gy": 84,
  "gz": 256,
  "bb_min": [
    -0.709766685962677,
    -0.21168118715286255,
    -7.0180743932724e-05
  ],
  "bb_max": [
    0.712521493434906,
    0.3919825553894043,
    1.9332249164581299
  ],
  "resolution": 250
}