{
  "markers": {
    "Chin": {
      "x": 42.5,
      "y": 13,
      "z": 82
    },
    "Groin": {
      "x": 41,
      "y": 13,
      "z": 47.5
    },
    "LeftWrist": {
      "x": 9,
      "y": 13,
      "z": 63.5
    },
    "LeftElbow": {
      "x": 23,
      "y": 13,
      "z": 70
    },
    "LeftKnee": {
      "x": 32.5,
      "y": 15.5,
      "z": 27.5
    },
    "RightWrist": {
      "x": 76,
      "y": 13,
      "z": 63.5
    },
    "RightElbow": {
      "x": 62,
      "y": 13,
      "z": 70
    },
    "RightKnee": {
      "x": 52.5,
      "y": 15.5,
      "z": 27.5
    }
  },
  "bones": {
    "Hips": {
      "x": 41,
      "y": 13,
      "z": 47.5
    },
    "Spine": {
      "x": 41.375,
      "y": 13,
      "z": 55.125
    },
    "Spine1": {
      "x": 41.75,
      "y": 13,
      "z": 62.75
    },
    "Spine2": {
      "x": 42.125,
      "y": 13,
      "z": 70.375
    },
    "Neck": {
      "x": 42.5,
      "y": 13,
      "z": 78
    },
    "Head": {
      "x": 42.5,
      "y": 13,
      "z": 90
    },
    "LeftShoulder": {
      "x": 35.43125,
      "y": 13,
      "z": 72.375
    },
    "LeftArm": {
      "x": 31.701875,
      "y": 13,
      "z": 71.6625
    },
    "LeftForeArm": {
      "x": 23,
      "y": 13,
      "z": 70
    },
    "LeftHand": {
      "x": 9,
      "y": 13,
      "z": 63.5
    },
    "LeftHandThumb1": {
      "x": 8.092991032251568,
      "y": 13,
      "z": 63.07888869354537
    },
    "LeftHandThumb2": {
      "x": 7.367383858052823,
      "y": 13,
      "z": 62.74199964838167
    },
    "LeftHandThumb3": {
      "x": 6.73247758062892,
      "y": 13,
      "z": 62.44722173386343
    },
    "LeftHandThumb4": {
      "x": 6.278973096754704,
      "y": 13,
      "z": 62.23666608063611
    },
    "LeftHandIndex1": {
      "x": 7.639486548377352,
      "y": 13,
      "z": 62.868333040318056
    },
    "LeftHandIndex2": {
      "x": 6.73247758062892,
      "y": 13,
      "z": 62.44722173386343
    },
    "LeftHandIndex3": {
      "x": 6.006870406430175,
      "y": 13,
      "z": 62.11033268869973
    },
    "LeftHandIndex4": {
      "x": 5.3719641290062725,
      "y": 13,
      "z": 61.815554774181486
    },
    "RightShoulder": {
      "x": 49.08125,
      "y": 13,
      "z": 72.375
    },
    "RightArm": {
      "x": 52.956875,
      "y": 13,
      "z": 71.6625
    },
    "RightForeArm": {
      "x": 62,
      "y": 13,
      "z": 70
    },
    "RightHand": {
      "x": 76,
      "y": 13,
      "z": 63.5
    },
    "RightHandThumb1": {
      "x": 76.90700896774842,
      "y": 13,
      "z": 63.07888869354537
    },
    "RightHandThumb2": {
      "x": 77.63261614194717,
      "y": 13,
      "z": 62.74199964838167
    },
    "RightHandThumb3": {
      "x": 78.26752241937108,
      "y": 13,
      "z": 62.44722173386343
    },
    "RightHandThumb4": {
      "x": 78.72102690324529,
      "y": 13,
      "z": 62.23666608063611
    },
    "RightHandIndex1": {
      "x": 77.36051345162265,
      "y": 13,
      "z": 62.868333040318056
    },
    "RightHandIndex2": {
      "x": 78.26752241937108,
      "y": 13,
      "z": 62.44722173386343
    },
    "RightHandIndex3": {
      "x": 78.99312959356982,
      "y": 13,
      "z": 62.11033268869973
    },
    "RightHandIndex4": {
      "x": 79.62803587099373,
      "y": 13,
      "z": 61.815554774181486
    },
    "LeftUpLeg": {
      "x": 34.2,
      "y": 13,
      "z": 47.5
    },
    "LeftLeg": {
      "x": 32.5,
      "y": 15.5,
      "z": 27.5
    },
    "LeftFoot": {
      "x": 32.5,
      "y": 11.5,
      "z": 2
    },
    "LeftToeBase": {
      "x": 32.5,
      "y": 8.5,
      "z": 1
    },
    "LeftToe_End": {
      "x": 32.5,
      "y": 6.5,
      "z": 0
    },
    "RightUpLeg": {
      "x": 50.2,
      "y": 13,
      "z": 47.5
    },
    "RightLeg": {
      "x": 52.5,
      "y": 15.5,
      "z": 27.5
    },
    "RightFoot": {
      "x": 52.5,
      "y": 11.5,
      "z": 2
    },
    "RightToeBase": {
      "x": 52.5,
      "y": 8.5,
      "z": 1
    },
    "RightToe_End": {
      "x": 52.5,
      "y": 6.5,
      "z": 0
    }
  },
  "autoMirror": true
}