{
  "gx": 172,
  "gy": 69,
  "gz": 210,
  "voxel_size": 0.0091593337059021,
  "def_min": [
    -0.7759278416633606,
    -0.27950432896614075,
    -0.002269781893119216
  ],
  "def_max": [
    0.7759278416633606,
    0.3325943350791931,
    1.8937475681304932
  ],
  "body_offset": [
    0,
    6,
    0
  ]
}