{
  "gx": 184,
  "gy": 54,
  "gz": 214,
  "voxel_size": 0.0091593337059021,
  "grid_origin": [
    -0.8308838605880737,
    -0.28356727957725525,
    -0.0572257861495018
  ],
  "def_min": [
    -0.7759278416633606,
    -0.2286112755537033,
    -0.002269781893119216
  ],
  "def_max": [
    0.7759278416633606,
    0.13062411546707153,
    1.829596996307373
  ],
  "raw_min": [
    -0.7053889632225037,
    -0.21228238940238953,
    -0.002269781893119216
  ],
  "raw_max": [
    0.7053889632225037,
    0.11429523676633835,
    1.7259063720703125
  ],
  "raw_center": [
    0.0,
    -0.04899357631802559,
    0.8618183135986328
  ],
  "model_h": 1.7281761169433594,
  "eye_materials": [
    "CyberpunkElf_Eyes",
    "Eyes_Cornea",
    "Eyelashes",
    "eyeshadow"
  ],
  "eye_voxel_count": 390
}