{
  "gx": 97,
  "gy": 23,
  "gz": 102,
  "voxel_size": 0.017970504760742186,
  "def_min": [
    -0.8487003445625305,
    -0.23714907467365265,
    0.030575484037399292
  ],
  "def_max": [
    0.8487007021903992,
    0.13104133307933807,
    1.8276259899139404
  ],
  "raw_min": [
    -0.7715457677841187,
    -0.22041314840316772,
    0.030575484037399292
  ],
  "raw_max": [
    0.7715461254119873,
    0.11430539935827255,
    1.7259061336517334
  ],
  "raw_center": [
    1.7881393432617188e-07,
    -0.053053874522447586,
    0.8782408237457275
  ],
  "model_h": 1.6953306198120117
}