{
  "grid_origin": [
    -0.769753634929657,
    -0.21376049518585205,
    0.02684100717306137
  ],
  "voxel_size": 0.008835995197296142,
  "gx": 176,
  "gy": 44,
  "gz": 206,
  "bb_min": [
    -0.7520816326141357,
    -0.196088507771492,
    0.044512998312711716
  ],
  "bb_max": [
    0.7520814538002014,
    0.14189614355564117,
    1.8117120265960693
  ]
}