{
  "gx": 90,
  "gy": 22,
  "gz": 102,
  "voxel_size": 0.0189905047416687,
  "def_min": [
    -0.8272862434387207,
    -0.21386146545410156,
    0.02015499398112297
  ],
  "def_max": [
    0.8272895216941833,
    0.15883702039718628,
    1.9192054271697998
  ],
  "raw_min": [
    -0.7520782351493835,
    -0.19692061841487885,
    0.02015499398112297
  ],
  "raw_max": [
    0.7520815134048462,
    0.14189617335796356,
    1.8117120265960693
  ],
  "raw_center": [
    1.6391277313232422e-06,
    -0.02751222252845764,
    0.9159334897994995
  ],
  "model_h": 1.7915570735931396
}