{
  "grid_origin": [
    -0.5819157361984253,
    -0.18034377694129944,
    -0.007333256304264069
  ],
  "voxel_size": 0.007609484672546386,
  "gx": 154,
  "gy": 55,
  "gz": 256,
  "bb_min": [
    -0.5666967630386353,
    -0.1651248037815094,
    0.007885713130235672
  ],
  "bb_max": [
    0.5666965246200562,
    0.21242135763168335,
    1.9102568626403809
  ],
  "resolution": 250
}