{
  "grid_origin": [
    -0.6181395053863525,
    -0.16939251124858856,
    -0.0199773907661438
  ],
  "voxel_size": 0.007490153789520264,
  "gx": 167,
  "gy": 138,
  "gz": 256,
  "bb_min": [
    -0.6031591892242432,
    -0.15441220998764038,
    -0.004997082985937595
  ],
  "bb_max": [
    0.6031593084335327,
    0.8404856324195862,
    1.8675413131713867
  ],
  "resolution": 250
}