{
  "grid_origin": [
    -0.5806492567062378,
    -0.18408891558647156,
    -0.006054970435798168
  ],
  "voxel_size": 0.006976243972778321,
  "gx": 168,
  "gy": 60,
  "gz": 256,
  "bb_min": [
    -0.5666967630386353,
    -0.17013642191886902,
    0.007897517643868923
  ],
  "bb_max": [
    0.5666965246200562,
    0.21242135763168335,
    1.7519584894180298
  ],
  "resolution": 250
}