{
 "voxel_size": 0.0069115056991577144,
 "grid_origin": [
  -0.8082196116447449,
  -0.18116597831249237,
  -0.02509606070816517
 ],
 "gx": 234,
 "gy": 50,
 "gz": 251,
 "bb_min": [
  -0.8082196116447449,
  -0.18116597831249237,
  -0.02509606070816517
 ],
 "bb_max": [
  0.8082191944122314,
  0.1608498990535736,
  1.7027803659439087
 ],
 "resolution": 250
}