{
  "grid_origin": [
    -0.5807933807373047,
    -0.17374037206172943,
    -0.024212578311562538
  ],
  "voxel_size": 0.0070482978820800785,
  "gx": 166,
  "gy": 58,
  "gz": 256,
  "bb_min": [
    -0.5666967630386353,
    -0.1596437692642212,
    -0.01011598203331232
  ],
  "bb_max": [
    0.5666965246200562,
    0.21242135763168335,
    1.7519584894180298
  ],
  "resolution": 250
}